Depth,Time,BHT,Mud Inlet Temp,Mud Outlet Temp,SFT,,,,,,,,,,,,,,,,,,,,,,
372.38,2.53,51.13,44.68,46.52,47.38,,,,,,,,,,,,,,,,,,,,,,
378.05,2.67,52.05,44.38,46.52,47.38,,,,,,,,,,,,,,,,,,,,,,
389.39,2.80,52.05,44.38,45.91,47.68,,,,,,,,,,,,,,,,,,,,,,
395.06,2.93,51.13,45.30,46.83,48.29,,,,,,,,,,,,,,,,,,,,,,
423.40,3.07,49.29,44.69,46.53,51.36,,,Static,Depth,Time,BHT,Mud Inlet Temp,Mud Outlet Temp,SFT,,,,,,,,Depth,Time,BHT,Mud Inlet Temp,Mud Outlet Temp,SFT
434.74,3.20,48.37,45.61,46.22,51.67,,,Count,397.00,397.00,397,397.00,397.00,397,,,,,,,Depth,1,,,,,
468.75,3.33,46.53,45.61,47.14,52.89,,,Max,3002.62,58.00,111.92,67.90,78.73,215.51,,,,,,,Time,0.938891447,1,,,,
480.09,3.47,48.37,46.84,47.45,55.96,,,Min,372.38,2.53,44.41,38.26,43.18,47.38,,,,,,,BHT,0.924028726,0.82268541,1,,,
480.09,3.60,49.30,47.45,48.07,55.34,,,Mean,1885.90,22.40,75.84,56.11,61.99,139.26,,,,,,,Mud Inlet Temp,0.181590968,0.091071466,0.134112009,1,,
463.08,3.73,50.83,48.99,48.99,54.42,,,Median,1885.90,22.40,75.84,56.11,61.99,139.26,,,,,,,Mud Outlet Temp,0.633323891,0.382518879,0.658663784,0.206538998,1,
451.74,3.87,52.06,48.99,49.60,55.34,,,GeoMean,1540.93,20.53,75.14,55.34,61.36,127.60,,,,,,,SFT,0.996887371,0.9465519,0.912715482,0.192980332,0.612268024,1
440.41,4.00,53.90,49.92,50.22,55.65,,,HarMean,1295.72,16.32,73.35,55.06,60.74,117.57,,,,,,,,,,,,,
434.74,4.13,55.13,51.14,51.14,56.87,,,StdDev,799.38,11.96,16.54,5.24,8.45,47.31,,,,,,,,,,,,,
446.08,4.27,55.13,51.45,51.45,57.49,,,Skewness,-0.11,0.74,0.19,-0.55,-0.14,-0.12,,,,,,,,,,,,,
468.75,4.40,53.90,52.07,52.07,57.79,,,Kurtosis,-1.30,0.64,-0.95,0.21,-0.75,-1.20,,,,,,,,,,,,,
491.42,4.53,53.91,53.91,52.68,59.32,,,Varrience,640626.58,143.48,274.36,27.57,71.66,2243.81,,,,,,,,,,,,,
508.43,4.80,52.99,53.61,52.99,59.94,,,Range,2630.23,55.47,67.51,29.63,35.56,168.14,,,,,,,,,,,,,
525.44,5.07,54.52,54.22,53.30,60.86,,,,,,,,,,,,,,,,,,,,,,
519.77,5.20,56.67,53.61,54.53,59.02,,,,,,,,,,,,,,,,,,,,,,
502.76,5.33,57.59,55.76,55.45,61.16,,,,,,,,,,,,,,,,,,,,,,
497.09,5.47,58.21,55.76,56.06,63.31,,,,,,,,,,,,,,,,,,,,,,
525.44,5.60,58.52,56.68,57.29,61.47,,,,,,,,,,,,,,,,,,,,,,
565.12,5.87,55.76,56.68,58.22,61.77,,,,,,,,,,,,,,,,,,,,,,
570.78,6.00,56.37,56.69,58.52,63.61,,,,,,,,,,,,,,,,,,,,,,
559.45,6.13,57.91,55.76,59.14,64.23,,,,,,,,,,,,,,,,,,,,,,
559.45,6.53,58.83,55.77,59.45,64.84,,,,,,,,,,,,,,,,,,,,,,
548.11,6.80,63.44,55.46,59.75,65.45,,,,,,,,,,,,,,,,,,,,,,
548.11,6.93,64.05,55.15,60.06,64.84,,,,,,,,,,,,,,,,,,,,,,
531.10,7.20,63.74,55.16,58.83,66.37,,,,,,,,,,,,,,,,,,,,,,
559.45,7.47,62.21,54.24,59.14,64.53,,,,,,,,,,,,,,,,,,,,,,
570.78,7.87,61.29,53.62,60.06,65.14,,,,,,,,,,,,,,,,,,,,,,
587.79,8.00,63.44,53.62,61.60,66.06,,,,,,,,,,,,,,,,,,,,,,
582.12,8.27,68.05,54.55,61.29,65.75,,,,,,,,,,,,,,,,,,,,,,
610.47,8.53,69.89,52.40,60.37,67.59,,,,,,,,,,,,,,,,,,,,,,
644.48,8.80,69.28,49.94,59.14,67.59,,,,,,,,,,,,,,,,,,,,,,
627.47,9.07,68.67,49.94,60.37,66.36,,,,,,,,,,,,,,,,,,,,,,
627.47,9.33,67.75,51.48,59.45,68.20,,,,,,,,,,,,,,,,,,,,,,
684.16,9.87,68.98,49.63,58.22,69.43,,,,,,,,,,,,,,,,,,,,,,
712.50,10.00,66.83,48.40,58.22,69.73,,,,,,,,,,,,,,,,,,,,,,
746.51,10.13,66.22,45.64,57.91,70.04,,,,,,,,,,,,,,,,,,,,,,
695.49,10.27,64.37,44.71,57.92,69.43,,,,,,,,,,,,,,,,,,,,,,
684.16,10.40,63.76,43.49,56.69,70.65,,,,,,,,,,,,,,,,,,,,,,
672.82,10.53,63.14,42.56,56.07,71.88,,,,,,,,,,,,,,,,,,,,,,
684.16,10.67,61.91,41.64,55.15,70.65,,,,,,,,,,,,,,,,,,,,,,
740.84,10.80,62.53,40.72,56.08,72.18,,,,,,,,,,,,,,,,,,,,,,
718.17,10.93,61.30,38.57,56.38,71.57,,,,,,,,,,,,,,,,,,,,,,
678.49,11.07,59.15,38.26,56.38,73.72,,,,,,,,,,,,,,,,,,,,,,
667.15,11.20,58.53,39.49,56.69,72.49,,,,,,,,,,,,,,,,,,,,,,
718.17,11.33,58.85,40.72,56.69,73.10,,,,,,,,,,,,,,,,,,,,,,
723.84,11.47,59.46,42.87,55.46,75.55,,,,,,,,,,,,,,,,,,,,,,
729.51,11.60,60.69,44.41,55.16,75.55,,,,,,,,,,,,,,,,,,,,,,
735.17,11.73,60.08,46.26,56.08,74.63,,,,,,,,,,,,,,,,,,,,,,
735.17,11.87,58.23,47.18,56.08,75.86,,,,,,,,,,,,,,,,,,,,,,
723.84,12.00,57.62,47.80,55.46,76.47,,,,,,,,,,,,,,,,,,,,,,
763.52,12.13,58.24,48.72,54.24,77.39,,,,,,,,,,,,,,,,,,,,,,
780.52,12.27,58.24,49.64,54.85,77.39,,,,,,,,,,,,,,,,,,,,,,
746.51,12.40,55.78,50.87,55.16,79.54,,,,,,,,,,,,,,,,,,,,,,
752.18,12.53,55.78,52.10,55.47,78.62,,,,,,,,,,,,,,,,,,,,,,
757.85,12.67,53.63,52.41,54.24,78.92,,,,,,,,,,,,,,,,,,,,,,
763.52,12.93,49.94,53.64,53.93,80.15,,,,,,,,,,,,,,,,,,,,,,
746.51,13.07,49.02,54.57,52.70,81.07,,,,,,,,,,,,,,,,,,,,,,
740.84,13.20,49.02,55.49,52.70,81.38,,,,,,,,,,,,,,,,,,,,,,
735.17,13.33,47.79,56.11,51.47,80.76,,,,,,,,,,,,,,,,,,,,,,
735.17,13.47,46.56,55.49,50.55,81.06,,,,,,,,,,,,,,,,,,,,,,
735.17,13.73,44.72,55.80,49.63,82.60,,,,,,,,,,,,,,,,,,,,,,
740.84,13.87,44.41,56.11,49.02,82.29,,,,,,,,,,,,,,,,,,,,,,
774.85,13.87,45.95,54.58,48.71,83.82,,,,,,,,,,,,,,,,,,,,,,
774.85,13.87,47.18,55.19,47.17,84.13,,,,,,,,,,,,,,,,,,,,,,
774.85,13.87,50.25,54.27,46.86,82.90,,,,,,,,,,,,,,,,,,,,,,
774.85,13.87,51.48,53.35,45.63,84.13,,,,,,,,,,,,,,,,,,,,,,
780.52,14.00,52.09,54.58,44.71,85.36,,,,,,,,,,,,,,,,,,,,,,
803.20,14.00,52.40,54.58,43.79,85.36,,,,,,,,,,,,,,,,,,,,,,
797.53,14.00,54.55,53.66,43.18,85.05,,,,,,,,,,,,,,,,,,,,,,
820.20,14.13,54.86,53.66,43.18,85.97,,,,,,,,,,,,,,,,,,,,,,
831.54,14.13,56.09,53.67,43.18,86.27,,,,,,,,,,,,,,,,,,,,,,
831.54,14.13,57.01,54.28,43.80,85.97,,,,,,,,,,,,,,,,,,,,,,
842.88,14.27,57.02,53.67,44.41,88.11,,,,,,,,,,,,,,,,,,,,,,
854.22,14.27,57.63,52.44,45.03,87.81,,,,,,,,,,,,,,,,,,,,,,
854.22,14.27,58.25,51.52,45.33,87.50,,,,,,,,,,,,,,,,,,,,,,
831.54,14.27,59.78,50.60,45.64,86.58,,,,,,,,,,,,,,,,,,,,,,
831.54,14.40,60.39,49.68,46.26,87.50,,,,,,,,,,,,,,,,,,,,,,
842.88,14.40,60.39,49.68,46.87,87.81,,,,,,,,,,,,,,,,,,,,,,
842.88,14.40,62.55,50.91,47.18,88.42,,,,,,,,,,,,,,,,,,,,,,
865.55,14.40,62.24,51.53,47.49,89.65,,,,,,,,,,,,,,,,,,,,,,
876.89,14.40,60.71,52.45,47.79,88.42,,,,,,,,,,,,,,,,,,,,,,
893.90,14.40,61.01,53.98,48.10,89.03,,,,,,,,,,,,,,,,,,,,,,
899.56,14.53,61.94,53.37,48.10,90.56,,,,,,,,,,,,,,,,,,,,,,
905.23,14.53,62.55,53.99,49.02,90.25,,,,,,,,,,,,,,,,,,,,,,
910.90,14.53,65.01,53.99,49.64,90.87,,,,,,,,,,,,,,,,,,,,,,
967.59,14.67,63.79,55.83,50.25,91.48,,,,,,,,,,,,,,,,,,,,,,
961.92,14.80,65.32,56.14,51.18,92.10,,,,,,,,,,,,,,,,,,,,,,
956.25,14.80,67.47,56.14,51.79,91.79,,,,,,,,,,,,,,,,,,,,,,
978.92,14.93,66.86,57.37,52.41,91.48,,,,,,,,,,,,,,,,,,,,,,
1007.27,14.93,66.86,57.68,52.72,92.09,,,,,,,,,,,,,,,,,,,,,,
1001.60,14.93,65.63,56.45,53.33,93.32,,,,,,,,,,,,,,,,,,,,,,
944.91,14.93,63.48,57.38,53.95,92.71,,,,,,,,,,,,,,,,,,,,,,
984.59,15.07,62.87,57.99,54.56,92.70,,,,,,,,,,,,,,,,,,,,,,
1007.27,15.07,63.79,57.69,54.87,93.32,,,,,,,,,,,,,,,,,,,,,,
1018.60,15.07,64.41,58.61,55.48,93.93,,,,,,,,,,,,,,,,,,,,,,
1046.95,15.07,65.02,58.92,55.79,94.24,,,,,,,,,,,,,,,,,,,,,,
1012.94,15.33,61.95,58.00,55.79,94.54,,,,,,,,,,,,,,,,,,,,,,
1007.27,15.60,61.33,58.31,56.10,96.39,,,,,,,,,,,,,,,,,,,,,,
1041.28,15.60,61.95,58.92,56.41,94.54,,,,,,,,,,,,,,,,,,,,,,
1052.62,15.60,63.18,58.62,57.02,95.16,,,,,,,,,,,,,,,,,,,,,,
1063.95,15.73,61.95,58.00,57.95,95.16,,,,,,,,,,,,,,,,,,,,,,
1001.60,15.73,60.41,57.70,57.95,95.77,,,,,,,,,,,,,,,,,,,,,,
1046.95,16.00,60.11,57.39,58.25,94.54,,,,,,,,,,,,,,,,,,,,,,
1058.28,16.13,60.72,56.77,58.56,95.77,,,,,,,,,,,,,,,,,,,,,,
1109.30,16.13,62.57,56.16,58.87,96.07,,,,,,,,,,,,,,,,,,,,,,
1097.97,16.13,61.04,55.55,59.18,96.99,,,,,,,,,,,,,,,,,,,,,,
1080.96,16.27,60.11,54.93,58.87,98.22,,,,,,,,,,,,,,,,,,,,,,
1097.97,16.27,60.11,53.40,58.87,98.22,,,,,,,,,,,,,,,,,,,,,,
1120.64,16.40,60.73,54.93,58.87,98.53,,,,,,,,,,,,,,,,,,,,,,
1114.97,16.40,59.19,54.63,58.57,98.83,,,,,,,,,,,,,,,,,,,,,,
1171.66,16.40,59.51,54.32,57.95,99.44,,,,,,,,,,,,,,,,,,,,,,
1160.32,16.53,60.43,56.47,57.03,100.06,,,,,,,,,,,,,,,,,,,,,,
1148.98,16.53,61.35,56.47,57.34,100.06,,,,,,,,,,,,,,,,,,,,,,
1148.98,16.67,62.27,57.09,56.73,100.36,,,,,,,,,,,,,,,,,,,,,,
1171.66,16.67,62.58,57.40,56.73,100.98,,,,,,,,,,,,,,,,,,,,,,
1205.67,16.93,62.28,57.70,56.42,101.59,,,,,,,,,,,,,,,,,,,,,,
1205.67,16.93,63.20,58.32,56.12,103.74,,,,,,,,,,,,,,,,,,,,,,
1205.67,16.93,61.35,58.32,55.81,104.35,,,,,,,,,,,,,,,,,,,,,,
1211.34,17.07,58.90,57.09,56.12,104.04,,,,,,,,,,,,,,,,,,,,,,
1222.67,17.07,60.43,58.32,56.43,104.34,,,,,,,,,,,,,,,,,,,,,,
1228.34,17.20,61.66,60.17,56.12,105.57,,,,,,,,,,,,,,,,,,,,,,
1228.34,17.20,62.59,59.25,56.43,105.88,,,,,,,,,,,,,,,,,,,,,,
1234.01,17.47,64.12,58.32,56.43,106.49,,,,,,,,,,,,,,,,,,,,,,
1239.68,17.47,64.43,56.79,56.13,106.80,,,,,,,,,,,,,,,,,,,,,,
1239.68,17.47,63.51,57.40,56.43,106.80,,,,,,,,,,,,,,,,,,,,,,
1290.70,17.47,64.44,58.63,56.43,106.18,,,,,,,,,,,,,,,,,,,,,,
1268.02,17.47,66.89,59.86,56.74,107.41,,,,,,,,,,,,,,,,,,,,,,
1319.04,17.73,67.82,60.48,56.74,109.25,,,,,,,,,,,,,,,,,,,,,,
1319.04,17.87,65.67,61.40,56.13,108.64,,,,,,,,,,,,,,,,,,,,,,
1307.70,18.00,65.36,61.40,56.44,107.71,,,,,,,,,,,,,,,,,,,,,,
1296.37,18.00,66.89,61.40,56.44,108.02,,,,,,,,,,,,,,,,,,,,,,
1296.37,18.13,67.51,60.48,56.44,113.84,,,,,,,,,,,,,,,,,,,,,,
1319.04,18.27,64.44,61.40,56.75,113.23,,,,,,,,,,,,,,,,,,,,,,
1336.05,18.27,65.98,61.71,57.06,115.68,,,,,,,,,,,,,,,,,,,,,,
1336.05,18.27,68.43,62.33,57.06,115.68,,,,,,,,,,,,,,,,,,,,,,
1319.04,18.27,69.66,62.63,55.83,115.98,,,,,,,,,,,,,,,,,,,,,,
1341.72,18.40,70.28,62.02,56.75,116.90,,,,,,,,,,,,,,,,,,,,,,
1336.05,18.53,67.51,61.10,57.06,117.82,,,,,,,,,,,,,,,,,,,,,,
1375.73,18.67,67.21,60.18,57.37,118.43,,,,,,,,,,,,,,,,,,,,,,
1375.73,18.80,69.05,60.80,57.67,119.05,,,,,,,,,,,,,,,,,,,,,,
1387.06,18.80,70.59,61.72,58.29,119.66,,,,,,,,,,,,,,,,,,,,,,
1404.07,18.93,69.98,63.56,58.60,119.97,,,,,,,,,,,,,,,,,,,,,,
1404.07,18.93,69.36,62.64,59.21,119.96,,,,,,,,,,,,,,,,,,,,,,
1387.06,19.07,67.21,62.03,59.83,121.81,,,,,,,,,,,,,,,,,,,,,,
1432.41,19.07,68.14,62.03,60.14,121.50,,,,,,,,,,,,,,,,,,,,,,
1426.74,19.20,70.59,61.10,60.14,120.89,,,,,,,,,,,,,,,,,,,,,,
1426.74,19.20,71.21,61.11,60.75,121.19,,,,,,,,,,,,,,,,,,,,,,
1443.75,19.20,71.82,60.19,61.37,122.11,,,,,,,,,,,,,,,,,,,,,,
1506.10,19.33,72.14,61.72,61.68,122.11,,,,,,,,,,,,,,,,,,,,,,
1472.09,19.33,71.21,61.11,61.99,124.56,,,,,,,,,,,,,,,,,,,,,,
1455.09,19.33,70.90,63.26,62.29,124.26,,,,,,,,,,,,,,,,,,,,,,
1523.11,19.47,68.45,62.03,62.60,124.25,,,,,,,,,,,,,,,,,,,,,,
1472.09,19.47,69.06,61.73,63.22,123.95,,,,,,,,,,,,,,,,,,,,,,
1477.76,19.60,67.83,60.81,63.83,124.87,,,,,,,,,,,,,,,,,,,,,,
1494.77,19.73,67.84,59.27,64.45,126.10,,,,,,,,,,,,,,,,,,,,,,
1455.09,19.73,65.07,60.50,65.06,126.40,,,,,,,,,,,,,,,,,,,,,,
1466.42,19.87,65.38,59.88,65.68,124.56,,,,,,,,,,,,,,,,,,,,,,
1455.09,19.87,65.99,58.96,66.60,124.56,,,,,,,,,,,,,,,,,,,,,,
1500.44,19.87,63.84,58.96,64.14,125.17,,,,,,,,,,,,,,,,,,,,,,
1483.43,19.87,64.76,59.58,62.91,126.09,,,,,,,,,,,,,,,,,,,,,,
1506.10,19.87,65.07,60.81,62.91,128.54,,,,,,,,,,,,,,,,,,,,,,
1534.45,20.00,66.30,61.42,61.99,127.62,,,,,,,,,,,,,,,,,,,,,,
1534.45,20.27,67.53,61.42,61.07,127.01,,,,,,,,,,,,,,,,,,,,,,
1477.76,20.27,73.98,61.43,60.15,126.39,,,,,,,,,,,,,,,,,,,,,,
1500.44,20.27,68.76,60.20,60.46,128.24,,,,,,,,,,,,,,,,,,,,,,
1574.13,20.40,71.84,60.81,59.54,127.93,,,,,,,,,,,,,,,,,,,,,,
1596.80,20.40,69.38,61.43,60.16,129.16,,,,,,,,,,,,,,,,,,,,,,
1613.81,20.40,73.69,61.74,59.85,128.85,,,,,,,,,,,,,,,,,,,,,,
1608.14,20.40,74.91,62.97,60.16,129.15,,,,,,,,,,,,,,,,,,,,,,
1608.14,20.67,75.22,61.74,60.46,129.77,,,,,,,,,,,,,,,,,,,,,,
1636.48,20.67,75.84,60.51,60.77,130.07,,,,,,,,,,,,,,,,,,,,,,
1659.16,20.80,76.46,59.28,61.08,130.99,,,,,,,,,,,,,,,,,,,,,,
1693.17,20.80,74.31,58.97,62.00,131.30,,,,,,,,,,,,,,,,,,,,,,
1681.83,20.93,74.31,56.82,62.93,129.46,,,,,,,,,,,,,,,,,,,,,,
1681.83,21.07,73.08,54.98,63.54,130.38,,,,,,,,,,,,,,,,,,,,,,
1710.17,21.07,70.62,53.75,64.46,132.83,,,,,,,,,,,,,,,,,,,,,,
1704.51,21.07,75.54,56.21,65.69,132.52,,,,,,,,,,,,,,,,,,,,,,
1698.84,21.07,76.15,56.52,65.69,134.36,,,,,,,,,,,,,,,,,,,,,,
1715.84,21.20,77.08,58.97,65.69,134.36,,,,,,,,,,,,,,,,,,,,,,
1755.52,21.33,78.00,59.28,66.00,132.52,,,,,,,,,,,,,,,,,,,,,,
1772.53,21.33,78.93,59.90,66.62,132.83,,,,,,,,,,,,,,,,,,,,,,
1800.87,21.47,73.09,60.82,66.62,134.05,,,,,,,,,,,,,,,,,,,,,,
1795.20,21.60,74.32,61.43,66.62,134.67,,,,,,,,,,,,,,,,,,,,,,
1834.88,21.60,76.47,62.97,66.63,135.89,,,,,,,,,,,,,,,,,,,,,,
1817.88,21.73,72.17,63.28,67.55,133.44,,,,,,,,,,,,,,,,,,,,,,
1772.53,21.73,70.94,64.20,67.24,135.89,,,,,,,,,,,,,,,,,,,,,,
1772.53,21.87,71.24,62.67,66.94,138.65,,,,,,,,,,,,,,,,,,,,,,
1829.22,21.87,72.17,62.97,66.32,135.89,,,,,,,,,,,,,,,,,,,,,,
1863.23,21.87,73.71,63.59,67.86,136.81,,,,,,,,,,,,,,,,,,,,,,
1874.56,22.13,74.33,64.21,67.25,137.11,,,,,,,,,,,,,,,,,,,,,,
1874.56,22.13,78.63,62.98,67.25,138.34,,,,,,,,,,,,,,,,,,,,,,
1812.21,22.13,78.62,63.59,68.18,137.73,,,,,,,,,,,,,,,,,,,,,,
1874.56,22.27,77.40,64.21,67.26,138.03,,,,,,,,,,,,,,,,,,,,,,
1874.56,22.40,76.79,66.36,68.18,139.57,,,,,,,,,,,,,,,,,,,,,,
1885.90,22.40,72.49,67.59,68.80,138.34,,,,,,,,,,,,,,,,,,,,,,
1902.91,22.53,73.72,67.90,67.88,139.26,,,,,,,,,,,,,,,,,,,,,,
1919.91,22.53,75.56,66.05,67.57,140.79,,,,,,,,,,,,,,,,,,,,,,
1919.91,22.67,78.02,65.13,66.04,142.02,,,,,,,,,,,,,,,,,,,,,,
1908.58,22.67,79.25,64.52,68.19,139.87,,,,,,,,,,,,,,,,,,,,,,
1936.92,22.80,76.79,64.21,70.03,142.63,,,,,,,,,,,,,,,,,,,,,,
1942.59,22.80,73.11,62.37,69.42,141.71,,,,,,,,,,,,,,,,,,,,,,
1919.91,22.93,72.49,62.06,67.58,142.01,,,,,,,,,,,,,,,,,,,,,,
1942.59,23.07,75.56,61.14,70.96,143.55,,,,,,,,,,,,,,,,,,,,,,
1953.92,23.20,77.72,59.61,71.88,144.16,,,,,,,,,,,,,,,,,,,,,,
1959.59,23.20,78.33,59.30,71.27,144.16,,,,,,,,,,,,,,,,,,,,,,
1931.25,23.33,81.40,58.68,72.80,145.69,,,,,,,,,,,,,,,,,,,,,,
1953.92,23.33,82.32,57.46,74.34,144.77,,,,,,,,,,,,,,,,,,,,,,
1965.26,23.47,82.94,58.07,74.04,145.69,,,,,,,,,,,,,,,,,,,,,,
1987.94,23.60,75.88,55.00,73.11,145.69,,,,,,,,,,,,,,,,,,,,,,
1987.94,23.60,79.56,55.00,72.50,143.85,,,,,,,,,,,,,,,,,,,,,,
2021.95,23.60,82.64,53.77,71.89,144.46,,,,,,,,,,,,,,,,,,,,,,
2038.95,23.60,80.18,52.85,71.27,144.77,,,,,,,,,,,,,,,,,,,,,,
1999.27,23.73,78.95,52.54,70.66,146.30,,,,,,,,,,,,,,,,,,,,,,
2016.28,23.87,78.03,52.23,71.28,144.77,,,,,,,,,,,,,,,,,,,,,,
2027.62,24.00,78.34,51.00,71.89,145.99,,,,,,,,,,,,,,,,,,,,,,
2033.28,24.13,75.57,50.70,73.12,148.45,,,,,,,,,,,,,,,,,,,,,,
2050.29,24.27,77.42,48.55,73.74,148.45,,,,,,,,,,,,,,,,,,,,,,
2061.63,24.27,78.65,49.47,74.35,148.14,,,,,,,,,,,,,,,,,,,,,,
2067.30,24.27,78.65,48.55,74.35,147.22,,,,,,,,,,,,,,,,,,,,,,
2084.30,24.40,78.96,49.16,73.74,148.75,,,,,,,,,,,,,,,,,,,,,,
2095.64,24.53,79.88,51.31,73.13,147.83,,,,,,,,,,,,,,,,,,,,,,
2123.98,24.53,79.88,52.85,71.90,148.45,,,,,,,,,,,,,,,,,,,,,,
2112.65,24.67,78.65,54.39,70.67,149.67,,,,,,,,,,,,,,,,,,,,,,
2101.31,24.80,83.57,55.31,68.83,149.98,,,,,,,,,,,,,,,,,,,,,,
1970.93,24.80,86.32,56.23,67.60,151.51,,,,,,,,,,,,,,,,,,,,,,
1976.60,24.93,83.86,58.08,65.75,149.98,,,,,,,,,,,,,,,,,,,,,,
1999.27,25.07,85.71,58.38,64.83,149.98,,,,,,,,,,,,,,,,,,,,,,
2010.61,25.07,86.02,58.08,63.29,151.20,,,,,,,,,,,,,,,,,,,,,,
1987.94,25.20,86.63,58.08,62.37,151.82,,,,,,,,,,,,,,,,,,,,,,
2021.95,25.33,87.55,57.16,62.07,152.12,,,,,,,,,,,,,,,,,,,,,,
2033.28,25.33,87.25,58.69,61.76,152.43,,,,,,,,,,,,,,,,,,,,,,
2055.96,25.47,87.25,59.92,63.30,152.43,,,,,,,,,,,,,,,,,,,,,,
2067.30,25.60,86.02,59.31,63.91,153.96,,,,,,,,,,,,,,,,,,,,,,
1965.26,25.73,87.55,59.62,64.53,153.65,,,,,,,,,,,,,,,,,,,,,,
1999.27,25.73,87.86,59.62,65.45,153.04,,,,,,,,,,,,,,,,,,,,,,
2123.98,25.73,86.34,59.93,66.07,154.88,,,,,,,,,,,,,,,,,,,,,,
2089.97,26.13,87.87,60.24,66.38,155.19,,,,,,,,,,,,,,,,,,,,,,
2101.31,26.13,88.79,61.16,68.22,155.19,,,,,,,,,,,,,,,,,,,,,,
2106.98,26.13,86.03,60.24,68.22,156.10,,,,,,,,,,,,,,,,,,,,,,
2118.31,26.27,84.18,59.93,68.84,155.18,,,,,,,,,,,,,,,,,,,,,,
2135.32,26.27,84.80,60.24,68.53,155.18,,,,,,,,,,,,,,,,,,,,,,
2152.33,26.27,82.34,59.32,67.92,156.10,,,,,,,,,,,,,,,,,,,,,,
2169.33,26.40,83.58,58.40,66.69,157.02,,,,,,,,,,,,,,,,,,,,,,
2163.66,26.40,85.42,58.71,67.00,157.02,,,,,,,,,,,,,,,,,,,,,,
2146.66,26.67,86.95,58.09,65.47,156.41,,,,,,,,,,,,,,,,,,,,,,
2123.98,26.93,88.49,56.87,64.85,157.63,,,,,,,,,,,,,,,,,,,,,,
2123.98,26.93,91.87,56.25,63.32,157.94,,,,,,,,,,,,,,,,,,,,,,
2135.32,26.93,89.10,53.18,61.78,158.25,,,,,,,,,,,,,,,,,,,,,,
2180.67,27.07,89.11,53.18,61.78,159.47,,,,,,,,,,,,,,,,,,,,,,
2203.34,27.20,87.27,54.10,61.17,159.78,,,,,,,,,,,,,,,,,,,,,,
2231.69,27.20,86.65,55.02,62.09,160.39,,,,,,,,,,,,,,,,,,,,,,
2214.68,27.33,91.57,47.96,63.63,161.00,,,,,,,,,,,,,,,,,,,,,,
2265.70,27.47,91.57,53.18,63.63,161.31,,,,,,,,,,,,,,,,,,,,,,
2248.69,27.60,90.04,52.87,64.24,161.62,,,,,,,,,,,,,,,,,,,,,,
2294.04,27.73,88.50,51.34,64.25,161.62,,,,,,,,,,,,,,,,,,,,,,
2305.38,27.87,91.58,51.64,65.78,164.07,,,,,,,,,,,,,,,,,,,,,,
2248.69,27.87,93.11,49.80,66.40,164.07,,,,,,,,,,,,,,,,,,,,,,
2248.69,27.87,95.87,49.80,66.71,164.68,,,,,,,,,,,,,,,,,,,,,,
2231.69,28.00,95.26,48.57,68.25,165.30,,,,,,,,,,,,,,,,,,,,,,
2220.35,28.13,95.26,46.73,68.86,165.61,,,,,,,,,,,,,,,,,,,,,,
2203.34,28.13,91.26,47.65,70.70,165.60,,,,,,,,,,,,,,,,,,,,,,
2288.37,28.13,92.80,47.96,70.09,167.14,,,,,,,,,,,,,,,,,,,,,,
2299.71,28.13,95.26,48.88,70.09,167.14,,,,,,,,,,,,,,,,,,,,,,
2316.72,28.27,95.27,49.19,71.01,167.75,,,,,,,,,,,,,,,,,,,,,,
2350.73,28.40,93.43,49.81,71.32,168.67,,,,,,,,,,,,,,,,,,,,,,
2356.40,28.40,92.20,49.81,73.17,169.90,,,,,,,,,,,,,,,,,,,,,,
2322.38,28.40,89.74,48.58,73.17,169.90,,,,,,,,,,,,,,,,,,,,,,
2316.72,28.40,85.43,50.43,72.25,169.28,,,,,,,,,,,,,,,,,,,,,,
2277.03,28.53,87.58,50.73,73.78,169.90,,,,,,,,,,,,,,,,,,,,,,
2254.36,28.67,86.04,50.11,74.40,171.12,,,,,,,,,,,,,,,,,,,,,,
2350.73,28.67,86.67,51.65,75.02,172.05,,,,,,,,,,,,,,,,,,,,,,
2339.39,28.80,85.44,52.57,75.63,173.58,,,,,,,,,,,,,,,,,,,,,,
2345.06,28.80,82.98,55.03,77.48,172.66,,,,,,,,,,,,,,,,,,,,,,
2333.72,28.93,81.75,54.42,76.25,176.03,,,,,,,,,,,,,,,,,,,,,,
2345.06,28.93,81.14,53.50,76.87,175.73,,,,,,,,,,,,,,,,,,,,,,
2345.06,29.20,80.52,53.50,73.48,174.50,,,,,,,,,,,,,,,,,,,,,,
2333.72,29.33,79.60,55.04,71.95,174.81,,,,,,,,,,,,,,,,,,,,,,
2339.39,29.33,78.68,57.80,71.34,173.27,,,,,,,,,,,,,,,,,,,,,,
2345.06,29.33,76.83,52.88,74.72,176.34,,,,,,,,,,,,,,,,,,,,,,
2345.06,29.60,74.38,55.65,73.80,178.49,,,,,,,,,,,,,,,,,,,,,,
2367.73,29.60,73.77,56.57,72.26,176.34,,,,,,,,,,,,,,,,,,,,,,
2373.40,29.60,73.46,56.57,70.72,174.50,,,,,,,,,,,,,,,,,,,,,,
2384.74,29.73,75.30,58.42,69.80,176.34,,,,,,,,,,,,,,,,,,,,,,
2384.74,29.73,75.92,58.42,69.49,177.57,,,,,,,,,,,,,,,,,,,,,,
2384.74,30.00,77.45,58.42,63.96,175.11,,,,,,,,,,,,,,,,,,,,,,
2384.74,30.00,78.99,57.80,65.81,178.18,,,,,,,,,,,,,,,,,,,,,,
2396.08,30.27,81.14,57.81,66.42,178.79,,,,,,,,,,,,,,,,,,,,,,
2413.08,30.40,83.60,58.73,68.88,179.10,,,,,,,,,,,,,,,,,,,,,,
2418.75,30.40,84.52,60.26,64.27,178.79,,,,,,,,,,,,,,,,,,,,,,
2452.76,30.40,82.07,60.57,67.04,178.79,,,,,,,,,,,,,,,,,,,,,,
2452.76,30.67,86.68,59.96,64.27,179.09,,,,,,,,,,,,,,,,,,,,,,
2469.77,30.67,85.76,59.04,64.27,180.32,,,,,,,,,,,,,,,,,,,,,,
2452.76,30.67,85.45,59.35,61.51,180.01,,,,,,,,,,,,,,,,,,,,,,
2464.10,30.93,85.14,60.58,62.12,180.01,,,,,,,,,,,,,,,,,,,,,,
2435.76,31.07,86.68,60.88,63.97,180.93,,,,,,,,,,,,,,,,,,,,,,
2435.76,31.20,88.52,61.19,65.20,182.46,,,,,,,,,,,,,,,,,,,,,,
2469.77,31.20,89.44,61.19,67.04,181.85,,,,,,,,,,,,,,,,,,,,,,
2475.44,31.20,90.37,60.27,70.12,180.31,,,,,,,,,,,,,,,,,,,,,,
2441.42,31.33,93.13,62.42,71.35,182.15,,,,,,,,,,,,,,,,,,,,,,
2475.44,31.47,92.82,62.11,67.97,182.77,,,,,,,,,,,,,,,,,,,,,,
2498.11,31.47,92.21,62.72,66.12,183.38,,,,,,,,,,,,,,,,,,,,,,
2481.10,31.73,93.44,63.65,65.20,184.61,,,,,,,,,,,,,,,,,,,,,,
2486.77,31.87,94.98,63.04,66.44,183.99,,,,,,,,,,,,,,,,,,,,,,
2520.78,31.87,93.44,62.73,66.44,183.68,,,,,,,,,,,,,,,,,,,,,,
2526.45,32.13,93.14,64.27,68.59,183.38,,,,,,,,,,,,,,,,,,,,,,
2503.78,32.13,97.13,58.43,71.04,183.68,,,,,,,,,,,,,,,,,,,,,,
2543.46,32.13,95.29,59.66,71.96,184.30,,,,,,,,,,,,,,,,,,,,,,
2543.46,32.27,95.90,60.89,71.04,184.91,,,,,,,,,,,,,,,,,,,,,,
2543.46,32.27,96.52,61.50,72.88,185.52,,,,,,,,,,,,,,,,,,,,,,
2549.13,32.40,97.75,62.42,60.29,184.60,,,,,,,,,,,,,,,,,,,,,,
2588.81,32.53,94.06,59.97,63.98,184.60,,,,,,,,,,,,,,,,,,,,,,
2571.80,32.67,99.29,59.66,64.90,184.60,,,,,,,,,,,,,,,,,,,,,,
2566.13,32.80,100.51,59.05,65.51,187.36,,,,,,,,,,,,,,,,,,,,,,
2543.46,32.80,100.51,57.20,68.89,187.05,,,,,,,,,,,,,,,,,,,,,,
2577.47,32.93,94.68,57.20,76.57,186.75,,,,,,,,,,,,,,,,,,,,,,
2600.15,32.93,98.06,56.90,76.57,186.13,,,,,,,,,,,,,,,,,,,,,,
2600.15,33.07,98.98,54.75,77.50,186.44,,,,,,,,,,,,,,,,,,,,,,
2566.13,33.20,103.89,53.52,77.50,186.44,,,,,,,,,,,,,,,,,,,,,,
2605.81,33.20,104.51,52.60,76.27,187.66,,,,,,,,,,,,,,,,,,,,,,
2639.83,33.33,102.67,51.98,75.65,188.58,,,,,,,,,,,,,,,,,,,,,,
2617.15,33.33,102.36,51.37,72.27,187.66,,,,,,,,,,,,,,,,,,,,,,
2622.82,33.47,100.21,50.76,70.74,188.27,,,,,,,,,,,,,,,,,,,,,,
2645.49,33.60,98.68,49.22,70.13,189.50,,,,,,,,,,,,,,,,,,,,,,
2645.49,33.73,103.59,49.53,68.90,189.81,,,,,,,,,,,,,,,,,,,,,,
2656.83,33.73,104.52,49.84,70.13,189.19,,,,,,,,,,,,,,,,,,,,,,
2668.17,33.73,104.52,49.84,72.59,187.96,,,,,,,,,,,,,,,,,,,,,,
2583.14,33.87,103.28,51.68,75.04,188.89,,,,,,,,,,,,,,,,,,,,,,
2696.51,33.87,106.67,53.52,74.74,189.19,,,,,,,,,,,,,,,,,,,,,,
2685.17,33.87,101.45,54.45,74.74,190.11,,,,,,,,,,,,,,,,,,,,,,
2685.17,34.00,98.68,53.22,72.59,189.80,,,,,,,,,,,,,,,,,,,,,,
2679.51,34.13,97.45,52.30,74.43,189.19,,,,,,,,,,,,,,,,,,,,,,
2673.84,34.27,95.00,51.07,76.28,191.33,,,,,,,,,,,,,,,,,,,,,,
2668.17,34.27,94.07,50.15,77.81,192.25,,,,,,,,,,,,,,,,,,,,,,
2668.17,34.40,89.46,50.76,78.12,191.02,,,,,,,,,,,,,,,,,,,,,,
2668.17,34.40,87.31,51.07,78.73,192.86,,,,,,,,,,,,,,,,,,,,,,
2702.18,34.53,92.54,51.38,78.12,191.63,,,,,,,,,,,,,,,,,,,,,,
2713.52,34.67,89.47,53.22,77.20,191.94,,,,,,,,,,,,,,,,,,,,,,
2758.87,34.80,94.08,53.53,76.59,192.55,,,,,,,,,,,,,,,,,,,,,,
2770.20,35.07,94.39,52.30,76.90,193.16,,,,,,,,,,,,,,,,,,,,,,
2747.53,35.07,96.54,51.69,75.67,192.55,,,,,,,,,,,,,,,,,,,,,,
2719.19,35.20,95.31,53.53,75.06,194.39,,,,,,,,,,,,,,,,,,,,,,
2747.53,35.20,99.00,55.07,73.83,192.85,,,,,,,,,,,,,,,,,,,,,,
2764.53,35.47,97.16,54.76,72.60,193.78,,,,,,,,,,,,,,,,,,,,,,
2815.55,35.47,96.55,55.37,71.68,194.08,,,,,,,,,,,,,,,,,,,,,,
2792.88,35.47,101.46,54.76,71.37,195.00,,,,,,,,,,,,,,,,,,,,,,
2798.55,35.60,102.07,51.38,71.99,195.30,,,,,,,,,,,,,,,,,,,,,,
2809.88,35.73,101.46,55.68,68.30,194.38,,,,,,,,,,,,,,,,,,,,,,
2815.55,35.87,102.69,57.84,68.30,194.69,,,,,,,,,,,,,,,,,,,,,,
2826.89,36.00,103.61,57.84,69.53,194.07,,,,,,,,,,,,,,,,,,,,,,
2804.22,36.00,106.07,56.91,70.45,194.69,,,,,,,,,,,,,,,,,,,,,,
2792.88,36.13,107.60,56.00,69.84,196.53,,,,,,,,,,,,,,,,,,,,,,
2798.55,36.27,106.99,55.99,68.92,196.22,,,,,,,,,,,,,,,,,,,,,,
2770.20,36.27,108.22,56.92,68.30,198.06,,,,,,,,,,,,,,,,,,,,,,
2781.54,36.40,109.45,58.76,67.07,198.06,,,,,,,,,,,,,,,,,,,,,,
2787.21,36.53,110.98,55.38,64.61,199.59,,,,,,,,,,,,,,,,,,,,,,
2826.89,36.67,109.14,54.15,65.54,199.59,,,,,,,,,,,,,,,,,,,,,,
2838.23,36.93,106.38,54.77,68.61,198.98,,,,,,,,,,,,,,,,,,,,,,
2855.23,37.33,107.61,56.00,68.91,197.45,,,,,,,,,,,,,,,,,,,,,,
2860.90,37.87,108.53,56.31,66.15,201.74,,,,,,,,,,,,,,,,,,,,,,
2849.56,38.13,110.37,56.62,65.23,201.74,,,,,,,,,,,,,,,,,,,,,,
2911.92,38.53,111.92,56.00,64.61,199.90,,,,,,,,,,,,,,,,,,,,,,
2906.25,43.20,110.38,55.38,63.38,201.43,,,,,,,,,,,,,,,,,,,,,,
2940.26,43.33,110.69,59.69,64.00,202.96,,,,,,,,,,,,,,,,,,,,,,
2945.93,43.47,108.54,58.15,62.77,200.51,,,,,,,,,,,,,,,,,,,,,,
2894.91,43.60,108.23,58.77,60.62,202.04,,,,,,,,,,,,,,,,,,,,,,
2940.26,43.87,106.70,59.07,60.00,203.27,,,,,,,,,,,,,,,,,,,,,,
2962.94,43.87,106.39,59.69,60.31,204.19,,,,,,,,,,,,,,,,,,,,,,
2928.92,44.27,105.16,59.69,57.55,203.88,,,,,,,,,,,,,,,,,,,,,,
2951.60,44.40,104.55,59.08,60.31,205.10,,,,,,,,,,,,,,,,,,,,,,
2962.94,44.80,102.71,59.39,56.62,205.41,,,,,,,,,,,,,,,,,,,,,,
2934.59,45.33,102.09,60.31,58.16,206.03,,,,,,,,,,,,,,,,,,,,,,
2940.26,50.80,98.71,58.77,59.70,204.49,,,,,,,,,,,,,,,,,,,,,,
2951.60,50.93,101.48,56.01,59.70,204.80,,,,,,,,,,,,,,,,,,,,,,
2985.61,51.07,101.17,56.32,59.70,206.33,,,,,,,,,,,,,,,,,,,,,,
2985.61,51.33,100.56,56.93,57.85,206.94,,,,,,,,,,,,,,,,,,,,,,
2979.94,53.33,96.26,57.24,56.32,206.94,,,,,,,,,,,,,,,,,,,,,,
2974.27,53.47,98.41,55.09,55.09,208.48,,,,,,,,,,,,,,,,,,,,,,
2940.26,53.60,97.48,55.09,54.78,207.86,,,,,,,,,,,,,,,,,,,,,,
2974.27,53.73,94.72,53.55,55.40,209.09,,,,,,,,,,,,,,,,,,,,,,
2962.94,55.47,96.25,53.55,56.32,210.61,,,,,,,,,,,,,,,,,,,,,,
2979.94,55.60,93.49,52.94,55.40,212.76,,,,,,,,,,,,,,,,,,,,,,
2979.94,55.73,92.26,52.33,53.25,212.15,,,,,,,,,,,,,,,,,,,,,,
2985.61,55.87,90.42,49.87,51.40,211.53,,,,,,,,,,,,,,,,,,,,,,
2974.27,56.13,89.80,51.10,52.02,214.29,,,,,,,,,,,,,,,,,,,,,,
2962.94,56.27,88.27,51.09,52.32,214.59,,,,,,,,,,,,,,,,,,,,,,
3002.62,56.40,87.96,50.79,52.33,213.98,,,,,,,,,,,,,,,,,,,,,,
2996.95,56.40,86.12,48.64,51.71,212.76,,,,,,,,,,,,,,,,,,,,,,
2985.61,56.67,85.50,47.72,49.87,214.90,,,,,,,,,,,,,,,,,,,,,,
2991.28,56.93,82.43,48.33,48.64,214.28,,,,,,,,,,,,,,,,,,,,,,
2968.60,57.07,83.04,47.10,48.95,214.59,,,,,,,,,,,,,,,,,,,,,,
2985.61,57.20,77.21,46.79,49.25,213.98,,,,,,,,,,,,,,,,,,,,,,
2991.28,57.60,77.52,45.57,48.64,215.51,,,,,,,,,,,,,,,,,,,,,,
2996.95,58.00,77.83,46.18,48.33,215.20,,,,,,,,,,,,,,,,,,,,,,
